node_num,ReadCode,ReadCode_descript
1,fMuhY,1 ReadCode descript here
2,TVTrW,2 ReadCode descript here
3,GYMwF,3 ReadCode descript here
4,pMren,4 ReadCode descript here
5,bEtvj,5 ReadCode descript here
6,XDmyD,6 ReadCode descript here
7,kJyTa,7 ReadCode descript here
8,bCner,8 ReadCode descript here
9,MYyYx,9 ReadCode descript here
10,zLxuR,10 ReadCode descript here
11,HNbrX,11 ReadCode descript here
12,TPwhM,12 ReadCode descript here
13,lDEHQ,13 ReadCode descript here
14,RXRaY,14 ReadCode descript here
15,ZSsGG,15 ReadCode descript here
16,YQMzI,16 ReadCode descript here
17,qjSPy,17 ReadCode descript here
18,TeXoc,18 ReadCode descript here
19,nhJEJ,19 ReadCode descript here
20,jUebT,20 ReadCode descript here
21,GMjxd,21 ReadCode descript here
22,hKLJF,22 ReadCode descript here
23,GNVpL,23 ReadCode descript here
24,zQznn,24 ReadCode descript here
25,vVIAR,25 ReadCode descript here
26,FDRGG,26 ReadCode descript here
27,Bijnp,27 ReadCode descript here
28,PWaYV,28 ReadCode descript here
29,mIFZJ,29 ReadCode descript here
30,EDHdv,30 ReadCode descript here
31,SZCNO,31 ReadCode descript here
32,vKneQ,32 ReadCode descript here
33,gPiGt,33 ReadCode descript here
34,wBmyX,34 ReadCode descript here
35,qKNst,35 ReadCode descript here
36,RAncf,36 ReadCode descript here
37,CcssQ,37 ReadCode descript here
38,mFwnC,38 ReadCode descript here
39,rhuhu,39 ReadCode descript here
40,tQMlC,40 ReadCode descript here
41,fQzQU,41 ReadCode descript here
42,QvsjF,42 ReadCode descript here
43,rAoTB,43 ReadCode descript here
44,GtDov,44 ReadCode descript here
45,cFEPl,45 ReadCode descript here
46,YeTUM,46 ReadCode descript here
47,KVLBK,47 ReadCode descript here
48,UIobM,48 ReadCode descript here
49,ukxKt,49 ReadCode descript here
50,DHVBi,50 ReadCode descript here
51,SnJUQ,51 ReadCode descript here
52,XyiMD,52 ReadCode descript here
53,coXKt,53 ReadCode descript here
54,lulny,54 ReadCode descript here
55,aYpcl,55 ReadCode descript here
56,irANr,56 ReadCode descript here
57,ahZan,57 ReadCode descript here
58,odmbV,58 ReadCode descript here
59,CfubF,59 ReadCode descript here
60,eYNAN,60 ReadCode descript here
61,ggiRL,61 ReadCode descript here
62,fvyVh,62 ReadCode descript here
63,JxTzP,63 ReadCode descript here
64,eMSqI,64 ReadCode descript here
65,wUIzZ,65 ReadCode descript here
66,uGkpD,66 ReadCode descript here
67,evPFX,67 ReadCode descript here
68,jNSnn,68 ReadCode descript here
69,KTRsj,69 ReadCode descript here
70,zczAF,70 ReadCode descript here
71,VbCBh,71 ReadCode descript here
72,NBgYH,72 ReadCode descript here
73,EZlKe,73 ReadCode descript here
74,lljVP,74 ReadCode descript here
75,KORWL,75 ReadCode descript here
76,CKrgJ,76 ReadCode descript here
77,crUbY,77 ReadCode descript here
78,DngYZ,78 ReadCode descript here
79,mgVdX,79 ReadCode descript here
80,kbJxD,80 ReadCode descript here
81,hbSQs,81 ReadCode descript here
82,yaSpd,82 ReadCode descript here
83,vLwMb,83 ReadCode descript here
84,AwDDQ,84 ReadCode descript here
85,cLVjQ,85 ReadCode descript here
86,sIYVg,86 ReadCode descript here
87,gZkCa,87 ReadCode descript here
88,plPPX,88 ReadCode descript here
89,MkDgG,89 ReadCode descript here
90,qFlAi,90 ReadCode descript here
91,xzYhK,91 ReadCode descript here
92,cwhZL,92 ReadCode descript here
93,zSKeP,93 ReadCode descript here
94,TLtvw,94 ReadCode descript here
95,pWIWZ,95 ReadCode descript here
96,GLKPY,96 ReadCode descript here
97,eQbis,97 ReadCode descript here
98,MDnTI,98 ReadCode descript here
99,dWNuy,99 ReadCode descript here
100,SKrlZ,100 ReadCode descript here
101,AHRap,101 ReadCode descript here
102,hMFWH,102 ReadCode descript here
103,PZRcM,103 ReadCode descript here
104,nfsbG,104 ReadCode descript here
105,IlDSI,105 ReadCode descript here
106,WbKCx,106 ReadCode descript here
107,hMLaS,107 ReadCode descript here
108,UHswO,108 ReadCode descript here
109,UfZnH,109 ReadCode descript here
110,BYyhk,110 ReadCode descript here
111,NkDWe,111 ReadCode descript here
112,dHrUq,112 ReadCode descript here
113,Oxqno,113 ReadCode descript here
114,qzCIi,114 ReadCode descript here
115,HXQNz,115 ReadCode descript here
116,ldtTg,116 ReadCode descript here
117,ILoDk,117 ReadCode descript here
118,ChHCO,118 ReadCode descript here
119,voKhr,119 ReadCode descript here
120,oXgUL,120 ReadCode descript here
121,xCaCG,121 ReadCode descript here
122,CiKhP,122 ReadCode descript here
123,OfySx,123 ReadCode descript here
124,jjWTy,124 ReadCode descript here
125,vexCy,125 ReadCode descript here
126,dNzzZ,126 ReadCode descript here
127,UdZoe,127 ReadCode descript here
128,KqhUB,128 ReadCode descript here
129,Abcix,129 ReadCode descript here
130,REEqD,130 ReadCode descript here
131,udond,131 ReadCode descript here
132,wsjRo,132 ReadCode descript here
133,KEDtx,133 ReadCode descript here
134,iKXNI,134 ReadCode descript here
135,IQjlm,135 ReadCode descript here
136,fIWOM,136 ReadCode descript here
137,jQbfx,137 ReadCode descript here
138,MjWRx,138 ReadCode descript here
139,axCoX,139 ReadCode descript here
140,MtOuC,140 ReadCode descript here
141,epNQm,141 ReadCode descript here
142,CkxuW,142 ReadCode descript here
143,ZRdcV,143 ReadCode descript here
144,FLYwo,144 ReadCode descript here
145,nyOly,145 ReadCode descript here
146,mQLFE,146 ReadCode descript here
147,wNPqB,147 ReadCode descript here
148,oImaa,148 ReadCode descript here
149,jhEoq,149 ReadCode descript here
150,hlfcq,150 ReadCode descript here
151,PqPZX,151 ReadCode descript here
152,EWmWf,152 ReadCode descript here
153,RwYMs,153 ReadCode descript here
154,NOruI,154 ReadCode descript here
155,wvHZE,155 ReadCode descript here
156,tVcIF,156 ReadCode descript here
157,ZDraK,157 ReadCode descript here
158,JVMwZ,158 ReadCode descript here
159,kymuj,159 ReadCode descript here
160,IaQrJ,160 ReadCode descript here
161,mIJut,161 ReadCode descript here
162,HnlQm,162 ReadCode descript here
163,sAkUc,163 ReadCode descript here
164,KBrpX,164 ReadCode descript here
165,NTner,165 ReadCode descript here
166,wKmyN,166 ReadCode descript here
167,aufdz,167 ReadCode descript here
168,VCvbq,168 ReadCode descript here
169,yoHxn,169 ReadCode descript here
170,BHSKF,170 ReadCode descript here
171,ovuZT,171 ReadCode descript here
172,wEpmm,172 ReadCode descript here
173,QXpao,173 ReadCode descript here
174,FouuD,174 ReadCode descript here
175,YBmKY,175 ReadCode descript here
176,PLBRB,176 ReadCode descript here
177,uFreS,177 ReadCode descript here
178,wyydi,178 ReadCode descript here
179,FxbkN,179 ReadCode descript here
180,fwoEy,180 ReadCode descript here
181,qzoDy,181 ReadCode descript here
182,GBYoO,182 ReadCode descript here
183,pmDuN,183 ReadCode descript here
184,dPEjG,184 ReadCode descript here
185,gridH,185 ReadCode descript here
186,napnt,186 ReadCode descript here
187,reQZw,187 ReadCode descript here
188,MkhDO,188 ReadCode descript here
189,tEKmw,189 ReadCode descript here
190,EMrFk,190 ReadCode descript here
191,HvBwd,191 ReadCode descript here
192,EroXU,192 ReadCode descript here
193,CdSQG,193 ReadCode descript here
194,ejsKl,194 ReadCode descript here
195,joHTv,195 ReadCode descript here
196,ldHjx,196 ReadCode descript here
197,jQHbK,197 ReadCode descript here
198,rFJlw,198 ReadCode descript here
199,ngmOs,199 ReadCode descript here
200,JpVWu,200 ReadCode descript here
201,Lnljw,201 ReadCode descript here
202,oiAlo,202 ReadCode descript here
203,tKcIs,203 ReadCode descript here
204,YHqXn,204 ReadCode descript here
205,FyJwr,205 ReadCode descript here
206,FYvIS,206 ReadCode descript here
207,Gntqz,207 ReadCode descript here
208,ueqnN,208 ReadCode descript here
209,kBnBi,209 ReadCode descript here
210,BcXsY,210 ReadCode descript here
211,PKEGv,211 ReadCode descript here
212,XARmc,212 ReadCode descript here
213,SomSV,213 ReadCode descript here
214,MuDDR,214 ReadCode descript here
215,rjQio,215 ReadCode descript here
216,MKTFQ,216 ReadCode descript here
217,PuGRg,217 ReadCode descript here
218,kqSSa,218 ReadCode descript here
219,ZMZrE,219 ReadCode descript here
220,LDzjv,220 ReadCode descript here
221,fOEAe,221 ReadCode descript here
222,bCHgb,222 ReadCode descript here
223,ffClP,223 ReadCode descript here
224,rEcAF,224 ReadCode descript here
225,dvvQN,225 ReadCode descript here
226,uHuRE,226 ReadCode descript here
227,WseyZ,227 ReadCode descript here
228,iklia,228 ReadCode descript here
229,GdcbS,229 ReadCode descript here
230,GCajL,230 ReadCode descript here
231,LlHBH,231 ReadCode descript here
232,tAEHS,232 ReadCode descript here
233,pUVZQ,233 ReadCode descript here
234,euNkv,234 ReadCode descript here
235,ZhzUO,235 ReadCode descript here
236,VjGKQ,236 ReadCode descript here
237,phHMD,237 ReadCode descript here
238,rAoeO,238 ReadCode descript here
239,RBpSz,239 ReadCode descript here
240,ODTdq,240 ReadCode descript here
241,WHRFl,241 ReadCode descript here
242,xGItz,242 ReadCode descript here
243,AecVk,243 ReadCode descript here
244,nBRrj,244 ReadCode descript here
245,ssuBM,245 ReadCode descript here
246,VABtL,246 ReadCode descript here
247,eWyEC,247 ReadCode descript here
248,BvtXI,248 ReadCode descript here
249,TiPNA,249 ReadCode descript here
250,WaZbN,250 ReadCode descript here
251,lJXYU,251 ReadCode descript here
252,WvRMt,252 ReadCode descript here
253,uLCqt,253 ReadCode descript here
254,aAXMY,254 ReadCode descript here
255,fKPDr,255 ReadCode descript here
256,PEIzp,256 ReadCode descript here
257,RHtxs,257 ReadCode descript here
258,YggfK,258 ReadCode descript here
259,rAZoV,259 ReadCode descript here
260,IOVEI,260 ReadCode descript here
261,GykJb,261 ReadCode descript here
262,eUqts,262 ReadCode descript here
263,lIRhH,263 ReadCode descript here
264,DFYqS,264 ReadCode descript here
265,ptNgD,265 ReadCode descript here
266,XwQPw,266 ReadCode descript here
267,DCJTb,267 ReadCode descript here
268,JZstL,268 ReadCode descript here
269,pEBLG,269 ReadCode descript here
270,iYhXI,270 ReadCode descript here
271,NhEGl,271 ReadCode descript here
272,cBYzB,272 ReadCode descript here
273,ZUlQu,273 ReadCode descript here
274,IXDzH,274 ReadCode descript here
275,LaWPZ,275 ReadCode descript here
276,KQGjl,276 ReadCode descript here
277,pGfEr,277 ReadCode descript here
278,oaZxD,278 ReadCode descript here
279,xhOtt,279 ReadCode descript here
280,svDcH,280 ReadCode descript here
281,NPwNl,281 ReadCode descript here
282,jABDN,282 ReadCode descript here
283,hiAfP,283 ReadCode descript here
284,WonbN,284 ReadCode descript here
285,RRjeo,285 ReadCode descript here
286,WVukV,286 ReadCode descript here
287,pzKYL,287 ReadCode descript here
288,vnGdE,288 ReadCode descript here
289,dyBpU,289 ReadCode descript here
290,ThsxH,290 ReadCode descript here
291,HTDvM,291 ReadCode descript here
292,HHVDf,292 ReadCode descript here
293,nLUFE,293 ReadCode descript here
294,pYXNS,294 ReadCode descript here
295,SIuYI,295 ReadCode descript here
296,guauG,296 ReadCode descript here
297,zxBiU,297 ReadCode descript here
298,jstQT,298 ReadCode descript here
299,ifrok,299 ReadCode descript here
300,uMpkD,300 ReadCode descript here
301,kIRvO,301 ReadCode descript here
302,xGADL,302 ReadCode descript here
303,UYfiz,303 ReadCode descript here
304,jnQdK,304 ReadCode descript here
305,JzQaC,305 ReadCode descript here
306,yJNnK,306 ReadCode descript here
307,ApmRP,307 ReadCode descript here
308,xSBVR,308 ReadCode descript here
309,HZxun,309 ReadCode descript here
310,WXgNN,310 ReadCode descript here
311,OhOln,311 ReadCode descript here
312,pohJt,312 ReadCode descript here
313,OnJcl,313 ReadCode descript here
314,cAYlQ,314 ReadCode descript here
315,qkjBv,315 ReadCode descript here
316,sUtqV,316 ReadCode descript here
317,WoLdx,317 ReadCode descript here
318,Bisdk,318 ReadCode descript here
319,kKuPv,319 ReadCode descript here
320,THNCA,320 ReadCode descript here
321,TjNHq,321 ReadCode descript here
322,WsdfG,322 ReadCode descript here
323,ozdZf,323 ReadCode descript here
324,rgZWT,324 ReadCode descript here
325,XOSyw,325 ReadCode descript here
326,JKnao,326 ReadCode descript here
327,MbTnB,327 ReadCode descript here
328,UIRnG,328 ReadCode descript here
329,tMiqf,329 ReadCode descript here
330,mAMfP,330 ReadCode descript here
331,kAvxY,331 ReadCode descript here
332,QeInH,332 ReadCode descript here
333,zQgTZ,333 ReadCode descript here
334,TLiuO,334 ReadCode descript here
335,JSkAz,335 ReadCode descript here
336,viOIS,336 ReadCode descript here
337,UNAVj,337 ReadCode descript here
338,jmGJu,338 ReadCode descript here
339,GjgQS,339 ReadCode descript here
340,wOOFz,340 ReadCode descript here
341,fpXLp,341 ReadCode descript here
342,lLrDP,342 ReadCode descript here
343,NhviD,343 ReadCode descript here
344,TxLMl,344 ReadCode descript here
345,xFAHq,345 ReadCode descript here
346,PzfZs,346 ReadCode descript here
347,LrMzx,347 ReadCode descript here
348,qkMNf,348 ReadCode descript here
349,nyBzz,349 ReadCode descript here
350,AezHJ,350 ReadCode descript here
351,azZta,351 ReadCode descript here
352,XeNHd,352 ReadCode descript here
353,LbbCb,353 ReadCode descript here
354,ScqLG,354 ReadCode descript here
355,yRFSA,355 ReadCode descript here
356,JyAYW,356 ReadCode descript here
357,UABwJ,357 ReadCode descript here
358,YLpmW,358 ReadCode descript here
359,yJIya,359 ReadCode descript here
360,LeHoD,360 ReadCode descript here
361,jjKHN,361 ReadCode descript here
362,coOQL,362 ReadCode descript here
363,AfsMq,363 ReadCode descript here
364,GsQFI,364 ReadCode descript here
365,SQXUf,365 ReadCode descript here
366,QuuJY,366 ReadCode descript here
367,trGdn,367 ReadCode descript here
368,abKxE,368 ReadCode descript here
369,cxcOS,369 ReadCode descript here
370,yjfAV,370 ReadCode descript here
371,OPhYC,371 ReadCode descript here
372,fIXso,372 ReadCode descript here
373,TcHeL,373 ReadCode descript here
374,iNxSs,374 ReadCode descript here
375,hmoOY,375 ReadCode descript here
376,ETaUp,376 ReadCode descript here
377,iZkyK,377 ReadCode descript here
378,luygc,378 ReadCode descript here
379,JasTs,379 ReadCode descript here
380,qaqRw,380 ReadCode descript here
381,pJAgH,381 ReadCode descript here
382,HnxJb,382 ReadCode descript here
383,dwDTG,383 ReadCode descript here
384,hFHcf,384 ReadCode descript here
385,FlVOh,385 ReadCode descript here
386,kxOuO,386 ReadCode descript here
387,Pbclq,387 ReadCode descript here
388,lLkNE,388 ReadCode descript here
389,uxbTn,389 ReadCode descript here
390,DImre,390 ReadCode descript here
391,Slpjn,391 ReadCode descript here
392,iyxnl,392 ReadCode descript here
393,JuDQa,393 ReadCode descript here
394,jzfTD,394 ReadCode descript here
395,xdPom,395 ReadCode descript here
396,LpFCU,396 ReadCode descript here
397,TboNt,397 ReadCode descript here
398,nCISK,398 ReadCode descript here
399,JZdwI,399 ReadCode descript here
400,JhHHb,400 ReadCode descript here
401,GprNy,401 ReadCode descript here
402,OIarL,402 ReadCode descript here
403,MsKCt,403 ReadCode descript here
404,wnEiI,404 ReadCode descript here
405,xryxc,405 ReadCode descript here
406,hdzbZ,406 ReadCode descript here
407,pEwFJ,407 ReadCode descript here
408,aueTZ,408 ReadCode descript here
409,dsSPs,409 ReadCode descript here
410,vWZiD,410 ReadCode descript here
411,IJQys,411 ReadCode descript here
412,VWHoz,412 ReadCode descript here
413,NFzZa,413 ReadCode descript here
414,RlLam,414 ReadCode descript here
415,orgQU,415 ReadCode descript here
416,nijGe,416 ReadCode descript here
417,VogCO,417 ReadCode descript here
418,YtlrL,418 ReadCode descript here
419,jWHRy,419 ReadCode descript here
420,VkfsC,420 ReadCode descript here
421,LopeD,421 ReadCode descript here
422,CfleL,422 ReadCode descript here
423,wGtyZ,423 ReadCode descript here
424,cRjAA,424 ReadCode descript here
425,KIYjR,425 ReadCode descript here
426,Kgiql,426 ReadCode descript here
427,iEArb,427 ReadCode descript here
428,OcsXl,428 ReadCode descript here
429,ZGfjl,429 ReadCode descript here
430,HXOTq,430 ReadCode descript here
431,FsppN,431 ReadCode descript here
432,vlXLD,432 ReadCode descript here
433,vqmOK,433 ReadCode descript here
434,pXTwz,434 ReadCode descript here
435,KCdlQ,435 ReadCode descript here
436,dTqvC,436 ReadCode descript here
437,hoXIj,437 ReadCode descript here
438,xeOhd,438 ReadCode descript here
439,cHdlY,439 ReadCode descript here
440,cPOar,440 ReadCode descript here
441,lHSSN,441 ReadCode descript here
442,cxmzd,442 ReadCode descript here
443,DdXXN,443 ReadCode descript here
444,OjNvX,444 ReadCode descript here
445,kuNqi,445 ReadCode descript here
446,IoBJU,446 ReadCode descript here
447,HlkUy,447 ReadCode descript here
448,DIZvo,448 ReadCode descript here
449,khUag,449 ReadCode descript here
450,ATqee,450 ReadCode descript here
451,wmLsg,451 ReadCode descript here
452,jlrLy,452 ReadCode descript here
453,wldnD,453 ReadCode descript here
454,ObZPK,454 ReadCode descript here
455,VjuCA,455 ReadCode descript here
456,VaPDY,456 ReadCode descript here
457,aUHbH,457 ReadCode descript here
458,Acyae,458 ReadCode descript here
459,uLYNQ,459 ReadCode descript here
460,Lwccr,460 ReadCode descript here
461,igsTx,461 ReadCode descript here
462,MaFAJ,462 ReadCode descript here
463,lnFrD,463 ReadCode descript here
464,hCiSv,464 ReadCode descript here
465,FIuJD,465 ReadCode descript here
466,NajRO,466 ReadCode descript here
467,qGOBt,467 ReadCode descript here
468,jJKUh,468 ReadCode descript here
469,vpoqJ,469 ReadCode descript here
470,TpwEG,470 ReadCode descript here
471,FFnaU,471 ReadCode descript here
472,MtuPi,472 ReadCode descript here
473,lqsGc,473 ReadCode descript here
474,cETiG,474 ReadCode descript here
475,GzbeD,475 ReadCode descript here
476,NxOTm,476 ReadCode descript here
477,HWjuw,477 ReadCode descript here
478,FcGlO,478 ReadCode descript here
479,BTOLN,479 ReadCode descript here
480,PVFXC,480 ReadCode descript here
481,HaHZd,481 ReadCode descript here
482,wXRys,482 ReadCode descript here
483,NTGPp,483 ReadCode descript here
484,sMxKl,484 ReadCode descript here
485,riPSv,485 ReadCode descript here
486,rpuQq,486 ReadCode descript here
487,jIcrE,487 ReadCode descript here
488,gKLhw,488 ReadCode descript here
489,eZcIi,489 ReadCode descript here
490,LQcUl,490 ReadCode descript here
491,nocin,491 ReadCode descript here
492,YfErx,492 ReadCode descript here
493,IaDbb,493 ReadCode descript here
494,Qrusw,494 ReadCode descript here
495,jVaMw,495 ReadCode descript here
496,gUXfy,496 ReadCode descript here
497,qmsxM,497 ReadCode descript here
498,eLtnH,498 ReadCode descript here
499,MaHbe,499 ReadCode descript here
500,zaQgi,500 ReadCode descript here
501,kZigh,501 ReadCode descript here
502,CtENY,502 ReadCode descript here
503,ratuA,503 ReadCode descript here
504,lukbp,504 ReadCode descript here
505,IxyUD,505 ReadCode descript here
506,kGxOC,506 ReadCode descript here
507,eBddl,507 ReadCode descript here
508,hvNFe,508 ReadCode descript here
509,mctQc,509 ReadCode descript here
510,wKooA,510 ReadCode descript here
511,Utvnl,511 ReadCode descript here
512,MkrzW,512 ReadCode descript here
513,trhtt,513 ReadCode descript here
514,AbCDe,514 ReadCode descript here
515,wefwf,515 ReadCode descript here
516,Poopy,516 ReadCode descript here
517,sdgED,517 ReadCode descript here
518,SoolT,518 ReadCode descript here
